moneda,precio,descripción
"['S/', '13.30']",Pack Jamón Pizza BRAEDT Queso Edam Paquete 370g
"['S/', '8.00']",Pack FRUGOS Néctar Durazno Caja 1.5L x 2un
"['S/', '12.99']",Pack Hot Dog SUIZA Paquete 200g + 440g
"['S/', '16.98']",Pack Filete de Atún FLORIDA en Aceite Vegetal 150g Lata 3un
"['S/', '16.98']",Pack Conserva PRIMOR Filete de Atún en Aceite Vegetal Lata 170g Paquete 3un
"['S/', '12.19']",Jamón Pizzero BRAEDT Paquete 480g
"['S/', '13.40']",Pack SAN FERNANDO Jamón Sándwich + Queso Edam Paquete 360g
"['S/', '8.50']",Tocino Ahumado OTTO KUNZ Paquete 100g
"['S/', '10.45']",Yogurt LAIVE con Cultivos Probióticos Fresa Galonera 1.8Kg
"['S/', '6.00']",Pack Yogurt Griego GLORIA con Miel Vaso 120g Paquete 4un
"['S/', '16.98']",Pack Trozos de Atún PRIMOR en Aceite Vegetal 170g Lata 3un
"['S/', '36.90']",Pack Cerveza PILSEN 6 Pack Lata 355ml Paquete x 2un
"['S/', '16.98']",Pack Filete de Atún FLORIDA en Agua 110kcal Lata 140g x3un
"['S/', '59.88']",Pack Cerveza PILSEN 6 Pack Lata 355ml Paquete 3un
"['S/', '25.90']",Pack ELVIVE Ácido Hialurónico Shampoo Frasco 370ml + Acondicionador Frasco 370ml
"['S/', '19.90']",Pack SAPOLIO Detergente en Polvo Floral Bolsa 2Kg + Quitamanchas Ropa Color Botella 1800ml
"['S/', '8.00']",Pack FRUGOS Néctar Manzana Caja 1.5L x 2un
"['S/', '8.00']",Pack FRUGOS Néctar Naranja Caja 1.5L x 2un
"['S/', '58.89']",Pack Cerveza CUSQUEÑA Malta Botella 310ml Paquete 6un x 3un
"['S/', '18.00']",Pack Gaseosa PEPSI Botella 3L Paquete 3un
"['S/', '8', 'un']",Pack FRUGOS Néctar Durazno Caja 1.5L x 2un
"['S/', '16.98', 'un']",Pack Trozos de Atún PRIMOR en Aceite Vegetal 1...
"['S/', '36.90', 'un']",Pack Cerveza PILSEN 6 Pack Lata 355ml Paquete ...
"['S/', '58.89', 'un']",Pack Cerveza CUSQUEÑA Malta Botella 310ml Paqu...
"['S/', '61.80', 'un']",Pack Detergente en Polvo ARIEL Perlas Limpiado...
"['S/', '75.90', 'un']",Cerveza CORONA Extra 6 Pack Botella 355ml Pack...
"['S/', '58.89', 'un']",Pack Cerveza CUSQUEÑA Trigo Botella 310ml Paqu...
"['S/', '61.80', 'un']",Pack Detergente en Polvo ARIEL Revitacolor Rop...
"['S/', '125.90', 'un']",Pack BABYSEC Pañales para Bebé Premium XXG Paq...
"['S/', '72.90', 'un']",Pack STELLA ARTOIS Cerveza Premium 6 Pack Bote...
"['S/', '58.89', 'un']",Pack Cerveza CUSQUEÑA Botella 310ml Paquete 6u...
"['S/', '65.80', 'un']",Pack Detergente líquido ARIEL Concentrado Galo...
"['S/', '39.90', 'un']",Pack Cerveza GOLDEN Lata 355ml Paquete 6un x 3...
"['S/', '151.90', 'un']",Pack L'OREÁL Crema Día Facial con Ácido Hialur...
"['S/', '121.90', 'un']",Pack Pañales para Bebé HUGGIES Triple Protecci...
"['S/', '39.90', 'un']",Pack Cerveza Light TRES CRUCES Lata 355ml Paqu...
"['S/', '58.89', 'un']",Pack Cerveza CUSQUEÑA Red Lager Botella 310ml ...
"['S/', '77.80', 'un']",Pack Detergente en Polvo ARIEL Regular Bolsa 5...
"['S/', '180.90', 'un']",Pack Pañales para Bebé HUGGIES Triple Protecci...
"['S/', '59.90', 'un']",Pack Whisky JOHNNIE WALKER Red Label Botella 7...
"['S/', '52.90', 'un']",Pack STELLA ARTOIS Cerveza 6 Pack Botella 330m...
"['S/', '17.90', 'un']",Pack Lasaña Mediana La Florencia Envase 530g +...
"['S/', '121.90', 'un']",Pack Pañales para Bebé HUGGIES Triple Protecci...
"['S/', '114.90', 'un']",Pack Whisky JOHNNIE WALKER Black Label Botella...
"['S/', '58.89', 'un']",Pack Cerveza CUSQUEÑA Doble Malta Botella 310m...
"['S/', '114.90', 'un']",Pack JOHNNIE WALKER Whisky Black Label 750ml +...
"['S/', '180.90', 'un']",Pack Pañales para Bebé HUGGIES Triple Protecci...
"['S/', '121.90', 'un']",Pack Pañales para Bebé HUGGIES Triple Protecci...
"['S/', '127.90', 'un']",Pack Pañales para Bebé HUGGIES Natural Care Ta...
"['S/', '37.60', 'un']",Pack COCA COLA Gaseosa Botella 3L Paquete 4un
"['S/', '37.60', 'un']",Pack INCA KOLA Gaseosa Botella 3L Paquete 4un
"['S/', '32.90', 'un']",Pack SMIRNOFF N°21 Botella 700ml + EVERVESS Gi...
"['S/', '59.90', 'un']",Pack JOHNNIE WALKER Whisky Red Label Botella 7...
"['S/', '127.90', 'un']",Pack Pañales para Bebé HUGGIES Natural Care Ta...
"['S/', '125.90', 'un']",Pack BABYSEC Pañales para Bebé Súper Premium X...
"['S/', '10.45', 'un']",Yogurt LAIVE con Cultivos Probióticos Fresa Ga...
"['S/', '13.90', 'un']",Pack Agua Mineral SAN MATEO sin Gas Bidón 7L P...
"['S/', '19', 'un']",Pack INCA KOLA Gaseosa Botella 1.5L Paquete 2u...
"['S/', '19', 'un']",Pack COCA COLA Gaseosa Botella 1.5L Paquete 2u...
"['S/', '21.40', 'un']",Pack Pasta Dental COLGATE Triple Acción 3x60ml...
"['S/', '54.90', 'un']",Pack TRES CRUCES Cerveza Lata 355 ml Pack 12un...
"['S/', '6.50', 'un']",Pack Trozos de Atún BELL'S en Aceite Vegetal L...
"['S/', '125.90', 'un']",Pack BABYSEC Pañales para Bebé Súper Premium X...
"['S/', '187.89', 'un']",Pack PAMPERS Pañales Premium Care Talla XXG Me...
"['S/', '125.90', 'un']",Pack BABYSEC Pañales para Bebé Premium XG Paqu...
"['S/', '129.90', 'un']",Pack PAMPERS Pañales Premium Care Talla XXG Pa...
"['S/', '54.90', 'un']",Pack TRES CRUCES Cerveza Light Lata 355ml Paqu...
"['S/', '131.88', 'un']",Pack Pañales Natural Care Hiper Niño Talla M P...
"['S/', '99.90', 'un']",Pack Whisky OLD PARR 12 años Botella 1L + Hiel...
"['S/', '127.90', 'un']",Pack Pañales para Bebé HUGGIES Natural Care Ta...
